{
  "Phones" : {
    "transaction" : "Phones",
    "sampleCount" : 20,
    "errorCount" : 0,
    "errorPct" : 0.0,
    "meanResTime" : 518.2500000000001,
    "medianResTime" : 510.0,
    "minResTime" : 455.0,
    "maxResTime" : 640.0,
    "pct1ResTime" : 635.7,
    "pct2ResTime" : 639.85,
    "pct3ResTime" : 640.0,
    "throughput" : 2.446183953033268,
    "receivedKBytesPerSec" : 74.30283757338552,
    "sentKBytesPerSec" : 0.3893827972113503
  },
  "Total" : {
    "transaction" : "Total",
    "sampleCount" : 60,
    "errorCount" : 0,
    "errorPct" : 0.0,
    "meanResTime" : 573.55,
    "medianResTime" : 543.0,
    "minResTime" : 455.0,
    "maxResTime" : 850.0,
    "pct1ResTime" : 696.1,
    "pct2ResTime" : 743.4499999999999,
    "pct3ResTime" : 850.0,
    "throughput" : 4.145650521661024,
    "receivedKBytesPerSec" : 128.1062690008982,
    "sentKBytesPerSec" : 0.6059235300214192
  },
  "Store" : {
    "transaction" : "Store",
    "sampleCount" : 20,
    "errorCount" : 0,
    "errorPct" : 0.0,
    "meanResTime" : 685.8,
    "medianResTime" : 669.5,
    "minResTime" : 635.0,
    "maxResTime" : 850.0,
    "pct1ResTime" : 745.8,
    "pct2ResTime" : 844.8,
    "pct3ResTime" : 850.0,
    "throughput" : 2.7917364600781687,
    "receivedKBytesPerSec" : 76.44832234087103,
    "sentKBytesPerSec" : 0.3353355318257957
  },
  "Laptops" : {
    "transaction" : "Laptops",
    "sampleCount" : 20,
    "errorCount" : 0,
    "errorPct" : 0.0,
    "meanResTime" : 516.6000000000001,
    "medianResTime" : 505.0,
    "minResTime" : 466.0,
    "maxResTime" : 641.0,
    "pct1ResTime" : 563.0,
    "pct2ResTime" : 637.15,
    "pct3ResTime" : 641.0,
    "throughput" : 2.5109855618330195,
    "receivedKBytesPerSec" : 87.74717514124293,
    "sentKBytesPerSec" : 0.39969789704959197
  }
}